gate,check,status,device_os_build_route,evidence,owner_acceptance
BL-001,SwiftPM and Xcode compile/tests,NOT RUN,,,
BL-001,Navigation and all settings relaunch,NOT RUN,,,
BL-002A,60/120/180 BPM five minute sanity,NOT RUN,,,
G1,Fixed device audio onset fifteen minute matrix,NOT RUN,,,
G1,Audio visual sync capture,NOT RUN,,,
G1,Live BPM/meter/subdivision/accent boundaries,NOT RUN,,,
G1,Repeated stop/start background interruption route reset,NOT RUN,,,
G2,Touch timestamp alignment and independent latency,NOT RUN,,,
G2,Matching miss extra tie rest and VoiceOver path,NOT RUN,,,
G2,Three child exploratory playtests,NOT RUN,,,
G3,Ten lesson walkthrough and retry progression,NOT RUN,,,
G3,Progress best score best BPM and relaunch recovery,NOT RUN,,,
G4,Gap return and Ladder combinations,NOT RUN,,,
G4,Voice assets onset intelligibility high tempo and fallback,NOT RUN,,,
G4,Minimum/current iOS and screen/device matrix,NOT RUN,,,
G4,VoiceOver Dynamic Type Reduce Motion light/dark,NOT RUN,,,
G4,Crash/lifecycle long run and privacy review,NOT RUN,,,
G4,Provisioning archive and TestFlight delivery,NOT RUN,,,
